{
  "results": [
    {
      "name": "single_link_small",
      "wall_time_ms": 47.287399942676224,
      "compile_time_ms": 38.517541640127696,
      "execution_time_ms": 8.769858302548528,
      "n_iterations": 10,
      "input_shapes": {
        "arg_0": [
          768,
          3,
          3
        ],
        "arg_1": [
          1,
          3,
          6
        ],
        "arg_2": [
          3,
          768
        ],
        "arg_3": [
          100
        ],
        "arg_4": [
          1,
          3,
          3
        ]
      },
      "output_shape": [
        1,
        100,
        6,
        768
      ],
      "device_type": "cpu",
      "n_devices": 1,
      "estimated_flops": 10149600,
      "memory_bytes": 7372800,
      "throughput_elements_per_sec": 52543608.357513726
    },
    {
      "name": "single_link_medium_freq",
      "wall_time_ms": 72.40283749221513,
      "compile_time_ms": 48.82937499011556,
      "execution_time_ms": 23.573462502099574,
      "n_iterations": 10,
      "input_shapes": {
        "arg_0": [
          768,
          3,
          3
        ],
        "arg_1": [
          1,
          3,
          6
        ],
        "arg_2": [
          3,
          768
        ],
        "arg_3": [
          300
        ],
        "arg_4": [
          1,
          3,
          3
        ]
      },
      "output_shape": [
        1,
        300,
        6,
        768
      ],
      "device_type": "cpu",
      "n_devices": 1,
      "estimated_flops": 10149600,
      "memory_bytes": 22118400,
      "throughput_elements_per_sec": 58642212.60991576
    },
    {
      "name": "single_link_medium_pixels",
      "wall_time_ms": 137.71965944130596,
      "compile_time_ms": 98.2688053433473,
      "execution_time_ms": 39.450854097958654,
      "n_iterations": 10,
      "input_shapes": {
        "arg_0": [
          3072,
          3,
          3
        ],
        "arg_1": [
          1,
          3,
          6
        ],
        "arg_2": [
          3,
          3072
        ],
        "arg_3": [
          100
        ],
        "arg_4": [
          1,
          3,
          3
        ]
      },
      "output_shape": [
        1,
        100,
        6,
        3072
      ],
      "device_type": "cpu",
      "n_devices": 1,
      "estimated_flops": 10149600,
      "memory_bytes": 29491200,
      "throughput_elements_per_sec": 46721421.93482636
    },
    {
      "name": "single_link_multi_time",
      "wall_time_ms": 310.46058631812537,
      "compile_time_ms": 168.18565300976238,
      "execution_time_ms": 142.27493330836296,
      "n_iterations": 10,
      "input_shapes": {
        "arg_0": [
          768,
          3,
          3
        ],
        "arg_1": [
          10,
          3,
          6
        ],
        "arg_2": [
          3,
          768
        ],
        "arg_3": [
          100
        ],
        "arg_4": [
          10,
          3,
          3
        ]
      },
      "output_shape": [
        10,
        100,
        6,
        768
      ],
      "device_type": "cpu",
      "n_devices": 1,
      "estimated_flops": 10149600,
      "memory_bytes": 73728000,
      "throughput_elements_per_sec": 32387996.204593126
    },
    {
      "name": "compute_response_small",
      "wall_time_ms": 143.31490559658658,
      "compile_time_ms": 113.64759729864697,
      "execution_time_ms": 29.6673082979396,
      "n_iterations": 10,
      "input_shapes": {
        "arg_0": [
          100
        ]
      },
      "output_shape": [
        1,
        100,
        3,
        3
      ],
      "device_type": "cpu",
      "n_devices": 1,
      "estimated_flops": 28593600,
      "memory_bytes": 14400,
      "throughput_elements_per_sec": 30336.422534918853
    },
    {
      "name": "compute_response_medium_freq",
      "wall_time_ms": 241.49441964691505,
      "compile_time_ms": 149.66423634905368,
      "execution_time_ms": 91.83018329786137,
      "n_iterations": 10,
      "input_shapes": {
        "arg_0": [
          300
        ]
      },
      "output_shape": [
        1,
        300,
        3,
        3
      ],
      "device_type": "cpu",
      "n_devices": 1,
      "estimated_flops": 28593600,
      "memory_bytes": 43200,
      "throughput_elements_per_sec": 29402.097469872744
    },
    {
      "name": "compute_response_medium_pixels",
      "wall_time_ms": 268.9949583339816,
      "compile_time_ms": 153.2449583367755,
      "execution_time_ms": 115.74999999720603,
      "n_iterations": 10,
      "input_shapes": {
        "arg_0": [
          100
        ]
      },
      "output_shape": [
        1,
        100,
        3,
        3
      ],
      "device_type": "cpu",
      "n_devices": 1,
      "estimated_flops": 28593600,
      "memory_bytes": 14400,
      "throughput_elements_per_sec": 7775.377969950101
    },
    {
      "name": "single_link_heavy_large_pixels",
      "wall_time_ms": 461.093990271911,
      "compile_time_ms": 253.47969436552376,
      "execution_time_ms": 207.61429590638727,
      "n_iterations": 10,
      "input_shapes": {
        "arg_0": [
          12288,
          3,
          3
        ],
        "arg_1": [
          1,
          3,
          6
        ],
        "arg_2": [
          3,
          12288
        ],
        "arg_3": [
          200
        ],
        "arg_4": [
          1,
          3,
          3
        ]
      },
      "output_shape": [
        1,
        200,
        6,
        12288
      ],
      "device_type": "cpu",
      "n_devices": 1,
      "estimated_flops": 10149600,
      "memory_bytes": 235929600,
      "throughput_elements_per_sec": 71024010.82557797
    },
    {
      "name": "single_link_heavy_large_freq",
      "wall_time_ms": 305.2100071567111,
      "compile_time_ms": 166.93531966302544,
      "execution_time_ms": 138.27468749368563,
      "n_iterations": 10,
      "input_shapes": {
        "arg_0": [
          3072,
          3,
          3
        ],
        "arg_1": [
          1,
          3,
          6
        ],
        "arg_2": [
          3,
          3072
        ],
        "arg_3": [
          500
        ],
        "arg_4": [
          1,
          3,
          3
        ]
      },
      "output_shape": [
        1,
        500,
        6,
        3072
      ],
      "device_type": "cpu",
      "n_devices": 1,
      "estimated_flops": 10149600,
      "memory_bytes": 147456000,
      "throughput_elements_per_sec": 66649942.712189116
    },
    {
      "name": "single_link_heavy_large_both",
      "wall_time_ms": 1234.588360937778,
      "compile_time_ms": 635.2453193394467,
      "execution_time_ms": 599.3430415983312,
      "n_iterations": 10,
      "input_shapes": {
        "arg_0": [
          12288,
          3,
          3
        ],
        "arg_1": [
          1,
          3,
          6
        ],
        "arg_2": [
          3,
          12288
        ],
        "arg_3": [
          500
        ],
        "arg_4": [
          1,
          3,
          3
        ]
      },
      "output_shape": [
        1,
        500,
        6,
        12288
      ],
      "device_type": "cpu",
      "n_devices": 1,
      "estimated_flops": 10149600,
      "memory_bytes": 589824000,
      "throughput_elements_per_sec": 61507346.27983815
    },
    {
      "name": "single_link_heavy_many_times",
      "wall_time_ms": 6541.034151481776,
      "compile_time_ms": 3431.9918889862797,
      "execution_time_ms": 3109.0422624954954,
      "n_iterations": 10,
      "input_shapes": {
        "arg_0": [
          3072,
          3,
          3
        ],
        "arg_1": [
          50,
          3,
          6
        ],
        "arg_2": [
          3,
          3072
        ],
        "arg_3": [
          200
        ],
        "arg_4": [
          50,
          3,
          3
        ]
      },
      "output_shape": [
        50,
        200,
        6,
        3072
      ],
      "device_type": "cpu",
      "n_devices": 1,